gene,delta,coef_without,predicted,observed,residual
CDCA8,0.913275113303601,0.457693720793705,-0.342585198519292,0.261004551950987,0.603589750470278
PRC1,0.912874986498415,0.228175633062445,-0.342435104074594,-0.889609403456981,-0.547174299382387
NUSAP1,0.888640613700317,0.159514256298997,-0.333344374134527,-0.862012154550436,-0.528667780415909
ARHGAP11A,0.886971548935825,0.206306966497976,-0.332718279242248,-0.817352570920823,-0.484634291678575
KIF20A,0.893422632597028,0.498259055484496,-0.335138191648208,0.12973960226546,0.464877793913668
CENPA,0.909609927645216,0.45504028061489,-0.341210324356953,0.106186642803874,0.447396967160827
TPX2,0.951430717239131,0.421738261978608,-0.356898021630822,0.0538708850298461,0.410768906660668
OIP5,0.861435320058342,0.183840166061255,-0.32313920070174,-0.702461907778556,-0.379322707076816
DLGAP5,0.919838908567245,0.4261885137956,-0.345047390985373,0.026346764616781,0.371394155602154
TTK,0.916752254929736,0.435155750740461,-0.343889534131767,0.0136217156604889,0.357511249792256
ZWILCH,0.662923615392206,-0.0717706144635488,-0.248674046926282,-0.588710205357544,-0.340036158431262
KPNA2,0.796103430084341,0.472358947458896,-0.298632085408275,0.0346647352486197,0.333296820656895
NDC80,0.897685873308746,0.426033484634211,-0.336737406544447,-0.00370206815162222,0.333035338392825
CCNB2,0.912544424585962,0.272471359626009,-0.34231110461731,-0.670247893433777,-0.327936788816467
FANCD2,0.866046493528772,0.194301278563297,-0.324868931158382,-0.639099514770328,-0.314230583611946
KIF23,0.92077251955497,0.290191507187547,-0.345397604520057,-0.648156893978309,-0.302759289458252
CDC20,0.876577752564869,0.43146870305756,-0.328819387504979,-0.032738275389652,0.296081112115327
ASF1B,0.861691414054502,0.234495669778099,-0.323235265963167,-0.617858234384718,-0.294622968421551
KIF2C,0.929053908104651,0.412138837852468,-0.348504095761284,-0.0543046521375593,0.294199443623725
BUB1B,0.933642619215121,0.311087369857904,-0.35022540020047,-0.635032828381656,-0.284807428181185
NEIL3,0.741279589645821,0.502153541825961,-0.278066720178645,0.00552847201929907,0.283595192197944
HJURP,0.929935069528964,0.403321973872363,-0.348834634562877,-0.0728708365290575,0.275963798033819
GSG2,0.796265987570891,0.14161933556141,-0.298693063516612,-0.564637000641502,-0.26594393712489
TRIP13,0.865247303323855,0.424775143160618,-0.324569141170658,-0.058779956818079,0.265789184352579
SPC25,0.913191198516871,0.402072134910334,-0.342553720639897,-0.0775295179029515,0.265024202736945
PBK,0.857037665199948,0.407375352293349,-0.321489564747868,-0.0617663452261918,0.259723219521676
SGOL2,0.87554384862311,0.414993408924665,-0.328431552358726,-0.070742080093087,0.257689472265639
POLQ,0.870307439908191,0.264692414916173,-0.326467285411125,-0.578923871152147,-0.252456585741022
PLK4,0.806632225522334,0.173780115928159,-0.302581617616863,-0.547453529433268,-0.244871911816406
C15orf42,0.905088758036738,0.250557484853806,-0.339514355896522,-0.581430459869958,-0.241916103973437
NCAPG,0.939943499574697,0.402747472473102,-0.352588968765285,-0.11333304064257,0.239255928122715
STIL,0.787118173157537,0.161394200052829,-0.295261561035963,-0.522155871848858,-0.226894310812895
DTL,0.859028339895755,0.227031760066931,-0.322236301055379,-0.54636375819105,-0.22412745713567
FANCI,0.856978744301411,0.206086017702232,-0.321467462505698,-0.540813976302409,-0.219346513796711
PLK1,0.917032238884345,0.392482730673732,-0.343994560927389,-0.126567642692567,0.217426918234822
LIG1,0.675939675817023,0.06178610136673,-0.253556594999277,-0.465575438457582,-0.212018843458305
FAM72B,0.860260109673856,0.374455215947111,-0.322698359079094,-0.115239273972316,0.207459085106778
TCF19,0.806863217478908,0.177434607936657,-0.302668266671618,-0.504633124324099,-0.201964857652481
CEP55,0.866895407079463,0.397112613030584,-0.325187373228085,-0.1271851842105,0.198002189017585
EXO1,0.911973731639437,0.310207995463097,-0.342097027880157,-0.533582593873262,-0.191485565993104
UHRF1,0.85079348700256,0.253481732953263,-0.319147266139069,-0.492131938388762,-0.172984672249693
ANLN,0.896098675044732,0.387929460522929,-0.336142021184169,-0.165453121260286,0.170688899923884
SGOL1,0.886657548050162,0.291075100600107,-0.332600492110875,-0.5025312579319,-0.169930765821025
KIF18A,0.901455922673555,0.371263619401227,-0.338151616886168,-0.169682040526888,0.168469576359281
CHAF1B,0.800408926721859,0.240546181788673,-0.300247151228861,-0.468362395122488,-0.168115243893627
LOC100128191,0.601891474417076,0.0179012713870877,-0.225779841415318,-0.3937415437371,-0.167961702321783
CKAP2L,0.87684345745955,0.264232013361927,-0.328919057979697,-0.495313110311689,-0.166394052331991
C17orf53,0.764341018836118,0.165226878306667,-0.286717458802977,-0.447263345063857,-0.16054588626088
HMMR,0.831778485821775,0.365860683065191,-0.312014412238342,-0.151988198854537,0.160026213383805
BLM,0.779644869095729,0.155946549416709,-0.292458196180932,-0.45216432568727,-0.159706129506338
