gs_name	gene_symbol
HOSHIDA_LIVER_CANCER_SUBCLASS_S1	ACP5
HOSHIDA_LIVER_CANCER_SUBCLASS_S1	ACTA2
HOSHIDA_LIVER_CANCER_SUBCLASS_S1	ADAM15
HOSHIDA_LIVER_CANCER_SUBCLASS_S1	ADAM8
HOSHIDA_LIVER_CANCER_SUBCLASS_S1	ADAM9
HOSHIDA_LIVER_CANCER_SUBCLASS_S1	AEBP1
HOSHIDA_LIVER_CANCER_SUBCLASS_S1	AIF1
HOSHIDA_LIVER_CANCER_SUBCLASS_S1	AKT3
HOSHIDA_LIVER_CANCER_SUBCLASS_S1	ALDOA
HOSHIDA_LIVER_CANCER_SUBCLASS_S1	ALOX5AP
HOSHIDA_LIVER_CANCER_SUBCLASS_S1	ANXA1
HOSHIDA_LIVER_CANCER_SUBCLASS_S1	ANXA4
HOSHIDA_LIVER_CANCER_SUBCLASS_S1	ANXA5
HOSHIDA_LIVER_CANCER_SUBCLASS_S1	AP2S1
HOSHIDA_LIVER_CANCER_SUBCLASS_S1	AQP1
HOSHIDA_LIVER_CANCER_SUBCLASS_S1	ARF5
HOSHIDA_LIVER_CANCER_SUBCLASS_S1	ARHGDIB
HOSHIDA_LIVER_CANCER_SUBCLASS_S1	ARPC1B
HOSHIDA_LIVER_CANCER_SUBCLASS_S1	ARPC2
HOSHIDA_LIVER_CANCER_SUBCLASS_S1	ASAH1
HOSHIDA_LIVER_CANCER_SUBCLASS_S1	ATP1B3
HOSHIDA_LIVER_CANCER_SUBCLASS_S1	ATP6AP1
HOSHIDA_LIVER_CANCER_SUBCLASS_S1	ATP6V0B
HOSHIDA_LIVER_CANCER_SUBCLASS_S1	ATP6V1B2
HOSHIDA_LIVER_CANCER_SUBCLASS_S1	ATP6V1F
HOSHIDA_LIVER_CANCER_SUBCLASS_S1	BCL2A1
HOSHIDA_LIVER_CANCER_SUBCLASS_S1	BLVRA
HOSHIDA_LIVER_CANCER_SUBCLASS_S1	C1QB
HOSHIDA_LIVER_CANCER_SUBCLASS_S1	C3AR1
HOSHIDA_LIVER_CANCER_SUBCLASS_S1	CAPZA1
HOSHIDA_LIVER_CANCER_SUBCLASS_S1	CBFB
HOSHIDA_LIVER_CANCER_SUBCLASS_S1	CCL3
HOSHIDA_LIVER_CANCER_SUBCLASS_S1	CCL5
HOSHIDA_LIVER_CANCER_SUBCLASS_S1	CCN1
HOSHIDA_LIVER_CANCER_SUBCLASS_S1	CCN2
HOSHIDA_LIVER_CANCER_SUBCLASS_S1	CCND2
HOSHIDA_LIVER_CANCER_SUBCLASS_S1	CCR7
HOSHIDA_LIVER_CANCER_SUBCLASS_S1	CD151
HOSHIDA_LIVER_CANCER_SUBCLASS_S1	CD37
HOSHIDA_LIVER_CANCER_SUBCLASS_S1	CD3D
HOSHIDA_LIVER_CANCER_SUBCLASS_S1	CD47
HOSHIDA_LIVER_CANCER_SUBCLASS_S1	CD48
HOSHIDA_LIVER_CANCER_SUBCLASS_S1	CD53
HOSHIDA_LIVER_CANCER_SUBCLASS_S1	CD74
HOSHIDA_LIVER_CANCER_SUBCLASS_S1	CD8A
HOSHIDA_LIVER_CANCER_SUBCLASS_S1	CDC20
HOSHIDA_LIVER_CANCER_SUBCLASS_S1	CDC25B
HOSHIDA_LIVER_CANCER_SUBCLASS_S1	CDH11
HOSHIDA_LIVER_CANCER_SUBCLASS_S1	CDK2AP1
HOSHIDA_LIVER_CANCER_SUBCLASS_S1	CELF2
HOSHIDA_LIVER_CANCER_SUBCLASS_S1	CHN1
HOSHIDA_LIVER_CANCER_SUBCLASS_S1	COL11A1
HOSHIDA_LIVER_CANCER_SUBCLASS_S1	COL15A1
HOSHIDA_LIVER_CANCER_SUBCLASS_S1	COL1A2
HOSHIDA_LIVER_CANCER_SUBCLASS_S1	COL3A1
HOSHIDA_LIVER_CANCER_SUBCLASS_S1	COL4A1
HOSHIDA_LIVER_CANCER_SUBCLASS_S1	COL4A2
HOSHIDA_LIVER_CANCER_SUBCLASS_S1	COL5A2
HOSHIDA_LIVER_CANCER_SUBCLASS_S1	COL6A1
HOSHIDA_LIVER_CANCER_SUBCLASS_S1	COL6A2
HOSHIDA_LIVER_CANCER_SUBCLASS_S1	CORO1A
HOSHIDA_LIVER_CANCER_SUBCLASS_S1	CRABP2
HOSHIDA_LIVER_CANCER_SUBCLASS_S1	CRIP2
HOSHIDA_LIVER_CANCER_SUBCLASS_S1	CSRP3
HOSHIDA_LIVER_CANCER_SUBCLASS_S1	CTSC
HOSHIDA_LIVER_CANCER_SUBCLASS_S1	CTSS
HOSHIDA_LIVER_CANCER_SUBCLASS_S1	CXCL1
HOSHIDA_LIVER_CANCER_SUBCLASS_S1	CXCR4
HOSHIDA_LIVER_CANCER_SUBCLASS_S1	CYBA
HOSHIDA_LIVER_CANCER_SUBCLASS_S1	CYBB
HOSHIDA_LIVER_CANCER_SUBCLASS_S1	CYFIP1
HOSHIDA_LIVER_CANCER_SUBCLASS_S1	CYP1B1
HOSHIDA_LIVER_CANCER_SUBCLASS_S1	DAB2
HOSHIDA_LIVER_CANCER_SUBCLASS_S1	DCTN2
HOSHIDA_LIVER_CANCER_SUBCLASS_S1	DDR1
HOSHIDA_LIVER_CANCER_SUBCLASS_S1	DDR2
HOSHIDA_LIVER_CANCER_SUBCLASS_S1	DDX11
HOSHIDA_LIVER_CANCER_SUBCLASS_S1	DGKA
HOSHIDA_LIVER_CANCER_SUBCLASS_S1	DGKZ
HOSHIDA_LIVER_CANCER_SUBCLASS_S1	DNM2
HOSHIDA_LIVER_CANCER_SUBCLASS_S1	DPYSL2
HOSHIDA_LIVER_CANCER_SUBCLASS_S1	DUSP5
HOSHIDA_LIVER_CANCER_SUBCLASS_S1	DUT
HOSHIDA_LIVER_CANCER_SUBCLASS_S1	EFEMP1
HOSHIDA_LIVER_CANCER_SUBCLASS_S1	EFNB1
HOSHIDA_LIVER_CANCER_SUBCLASS_S1	F13A1
HOSHIDA_LIVER_CANCER_SUBCLASS_S1	FBN1
HOSHIDA_LIVER_CANCER_SUBCLASS_S1	FBRS
HOSHIDA_LIVER_CANCER_SUBCLASS_S1	FCGBP
HOSHIDA_LIVER_CANCER_SUBCLASS_S1	FCGR2A
HOSHIDA_LIVER_CANCER_SUBCLASS_S1	FGL2
HOSHIDA_LIVER_CANCER_SUBCLASS_S1	FHL3
HOSHIDA_LIVER_CANCER_SUBCLASS_S1	FLNA
HOSHIDA_LIVER_CANCER_SUBCLASS_S1	FUT4
HOSHIDA_LIVER_CANCER_SUBCLASS_S1	FYB1
HOSHIDA_LIVER_CANCER_SUBCLASS_S1	GEM
HOSHIDA_LIVER_CANCER_SUBCLASS_S1	GLIPR1
HOSHIDA_LIVER_CANCER_SUBCLASS_S1	GNAI2
HOSHIDA_LIVER_CANCER_SUBCLASS_S1	GNS
HOSHIDA_LIVER_CANCER_SUBCLASS_S1	GPNMB
HOSHIDA_LIVER_CANCER_SUBCLASS_S1	GRN
HOSHIDA_LIVER_CANCER_SUBCLASS_S1	GSTP1
HOSHIDA_LIVER_CANCER_SUBCLASS_S1	GUCY1A1
HOSHIDA_LIVER_CANCER_SUBCLASS_S1	GYPC
HOSHIDA_LIVER_CANCER_SUBCLASS_S1	HCLS1
HOSHIDA_LIVER_CANCER_SUBCLASS_S1	HEXA
HOSHIDA_LIVER_CANCER_SUBCLASS_S1	HIF1A
HOSHIDA_LIVER_CANCER_SUBCLASS_S1	HK1
HOSHIDA_LIVER_CANCER_SUBCLASS_S1	HLA-DMA
HOSHIDA_LIVER_CANCER_SUBCLASS_S1	HLA-DOA
HOSHIDA_LIVER_CANCER_SUBCLASS_S1	HLA-DPB1
HOSHIDA_LIVER_CANCER_SUBCLASS_S1	HLA-DQA2
HOSHIDA_LIVER_CANCER_SUBCLASS_S1	HLA-DQB1
HOSHIDA_LIVER_CANCER_SUBCLASS_S1	ID3
HOSHIDA_LIVER_CANCER_SUBCLASS_S1	IER3
HOSHIDA_LIVER_CANCER_SUBCLASS_S1	IFI16
HOSHIDA_LIVER_CANCER_SUBCLASS_S1	IFI30
HOSHIDA_LIVER_CANCER_SUBCLASS_S1	IGFBP5
HOSHIDA_LIVER_CANCER_SUBCLASS_S1	IGKC
HOSHIDA_LIVER_CANCER_SUBCLASS_S1	IGLL1
HOSHIDA_LIVER_CANCER_SUBCLASS_S1	IKBKE
HOSHIDA_LIVER_CANCER_SUBCLASS_S1	IL15RA
HOSHIDA_LIVER_CANCER_SUBCLASS_S1	IL2RB
HOSHIDA_LIVER_CANCER_SUBCLASS_S1	IL2RG
HOSHIDA_LIVER_CANCER_SUBCLASS_S1	IL7R
HOSHIDA_LIVER_CANCER_SUBCLASS_S1	IQGAP1
HOSHIDA_LIVER_CANCER_SUBCLASS_S1	IRF1
HOSHIDA_LIVER_CANCER_SUBCLASS_S1	ITGB2
HOSHIDA_LIVER_CANCER_SUBCLASS_S1	ITPR3
HOSHIDA_LIVER_CANCER_SUBCLASS_S1	KLC1
HOSHIDA_LIVER_CANCER_SUBCLASS_S1	KLF5
HOSHIDA_LIVER_CANCER_SUBCLASS_S1	LAMB1
HOSHIDA_LIVER_CANCER_SUBCLASS_S1	LAPTM5
HOSHIDA_LIVER_CANCER_SUBCLASS_S1	LCP1
HOSHIDA_LIVER_CANCER_SUBCLASS_S1	LDHB
HOSHIDA_LIVER_CANCER_SUBCLASS_S1	LGALS1
HOSHIDA_LIVER_CANCER_SUBCLASS_S1	LGALS3BP
HOSHIDA_LIVER_CANCER_SUBCLASS_S1	LGALS9
HOSHIDA_LIVER_CANCER_SUBCLASS_S1	LGMN
HOSHIDA_LIVER_CANCER_SUBCLASS_S1	LHFPL2
HOSHIDA_LIVER_CANCER_SUBCLASS_S1	LITAF
HOSHIDA_LIVER_CANCER_SUBCLASS_S1	LMO4
HOSHIDA_LIVER_CANCER_SUBCLASS_S1	LOX
HOSHIDA_LIVER_CANCER_SUBCLASS_S1	LSP1
HOSHIDA_LIVER_CANCER_SUBCLASS_S1	LTBP2
HOSHIDA_LIVER_CANCER_SUBCLASS_S1	LTBP3
HOSHIDA_LIVER_CANCER_SUBCLASS_S1	LTF
HOSHIDA_LIVER_CANCER_SUBCLASS_S1	LUM
HOSHIDA_LIVER_CANCER_SUBCLASS_S1	LYN
HOSHIDA_LIVER_CANCER_SUBCLASS_S1	M6PR
HOSHIDA_LIVER_CANCER_SUBCLASS_S1	MAP1B
HOSHIDA_LIVER_CANCER_SUBCLASS_S1	ME1
HOSHIDA_LIVER_CANCER_SUBCLASS_S1	MFAP1
HOSHIDA_LIVER_CANCER_SUBCLASS_S1	MGP
HOSHIDA_LIVER_CANCER_SUBCLASS_S1	MPHOSPH6
HOSHIDA_LIVER_CANCER_SUBCLASS_S1	MSN
HOSHIDA_LIVER_CANCER_SUBCLASS_S1	MTHFD2
HOSHIDA_LIVER_CANCER_SUBCLASS_S1	MYCBP2
HOSHIDA_LIVER_CANCER_SUBCLASS_S1	NBL1
HOSHIDA_LIVER_CANCER_SUBCLASS_S1	NPC2
HOSHIDA_LIVER_CANCER_SUBCLASS_S1	NSMAF
HOSHIDA_LIVER_CANCER_SUBCLASS_S1	OAZ1
HOSHIDA_LIVER_CANCER_SUBCLASS_S1	PAK1
HOSHIDA_LIVER_CANCER_SUBCLASS_S1	PAM
HOSHIDA_LIVER_CANCER_SUBCLASS_S1	PAPSS1
HOSHIDA_LIVER_CANCER_SUBCLASS_S1	PCLAF
HOSHIDA_LIVER_CANCER_SUBCLASS_S1	PEA15
HOSHIDA_LIVER_CANCER_SUBCLASS_S1	PFN1
HOSHIDA_LIVER_CANCER_SUBCLASS_S1	PGK1
HOSHIDA_LIVER_CANCER_SUBCLASS_S1	PIM2
HOSHIDA_LIVER_CANCER_SUBCLASS_S1	PKD2
HOSHIDA_LIVER_CANCER_SUBCLASS_S1	PKMYT1
HOSHIDA_LIVER_CANCER_SUBCLASS_S1	PKN1
HOSHIDA_LIVER_CANCER_SUBCLASS_S1	PLAUR
HOSHIDA_LIVER_CANCER_SUBCLASS_S1	PLD3
HOSHIDA_LIVER_CANCER_SUBCLASS_S1	PLP2
HOSHIDA_LIVER_CANCER_SUBCLASS_S1	PNP
HOSHIDA_LIVER_CANCER_SUBCLASS_S1	POLD3
HOSHIDA_LIVER_CANCER_SUBCLASS_S1	POSTN
HOSHIDA_LIVER_CANCER_SUBCLASS_S1	PPIC
HOSHIDA_LIVER_CANCER_SUBCLASS_S1	PPP1CB
HOSHIDA_LIVER_CANCER_SUBCLASS_S1	PPP4C
HOSHIDA_LIVER_CANCER_SUBCLASS_S1	PPP4R1
HOSHIDA_LIVER_CANCER_SUBCLASS_S1	PRKD2
HOSHIDA_LIVER_CANCER_SUBCLASS_S1	PRMT5
HOSHIDA_LIVER_CANCER_SUBCLASS_S1	PROCR
HOSHIDA_LIVER_CANCER_SUBCLASS_S1	PSMD2
HOSHIDA_LIVER_CANCER_SUBCLASS_S1	PTPRC
HOSHIDA_LIVER_CANCER_SUBCLASS_S1	PYGB
HOSHIDA_LIVER_CANCER_SUBCLASS_S1	QSOX1
HOSHIDA_LIVER_CANCER_SUBCLASS_S1	RAB31
HOSHIDA_LIVER_CANCER_SUBCLASS_S1	RALB
HOSHIDA_LIVER_CANCER_SUBCLASS_S1	RALGDS
HOSHIDA_LIVER_CANCER_SUBCLASS_S1	RCC1
HOSHIDA_LIVER_CANCER_SUBCLASS_S1	RHOA
HOSHIDA_LIVER_CANCER_SUBCLASS_S1	RIN2
HOSHIDA_LIVER_CANCER_SUBCLASS_S1	RIT1
HOSHIDA_LIVER_CANCER_SUBCLASS_S1	RNASE1
HOSHIDA_LIVER_CANCER_SUBCLASS_S1	RNASE6
HOSHIDA_LIVER_CANCER_SUBCLASS_S1	RPA2
HOSHIDA_LIVER_CANCER_SUBCLASS_S1	RSU1
HOSHIDA_LIVER_CANCER_SUBCLASS_S1	S100A10
HOSHIDA_LIVER_CANCER_SUBCLASS_S1	S100A11
HOSHIDA_LIVER_CANCER_SUBCLASS_S1	S100A13
HOSHIDA_LIVER_CANCER_SUBCLASS_S1	SLA
HOSHIDA_LIVER_CANCER_SUBCLASS_S1	SLBP
HOSHIDA_LIVER_CANCER_SUBCLASS_S1	SLC1A5
HOSHIDA_LIVER_CANCER_SUBCLASS_S1	SLC2A1
HOSHIDA_LIVER_CANCER_SUBCLASS_S1	SLC2A5
HOSHIDA_LIVER_CANCER_SUBCLASS_S1	SLC39A6
HOSHIDA_LIVER_CANCER_SUBCLASS_S1	SLC7A5
HOSHIDA_LIVER_CANCER_SUBCLASS_S1	SMAD2
HOSHIDA_LIVER_CANCER_SUBCLASS_S1	SMARCD1
HOSHIDA_LIVER_CANCER_SUBCLASS_S1	SPAG8
HOSHIDA_LIVER_CANCER_SUBCLASS_S1	SRGN
HOSHIDA_LIVER_CANCER_SUBCLASS_S1	SRI
HOSHIDA_LIVER_CANCER_SUBCLASS_S1	STK38
HOSHIDA_LIVER_CANCER_SUBCLASS_S1	STX3
HOSHIDA_LIVER_CANCER_SUBCLASS_S1	TAGLN
HOSHIDA_LIVER_CANCER_SUBCLASS_S1	TAX1BP3
HOSHIDA_LIVER_CANCER_SUBCLASS_S1	TCF4
HOSHIDA_LIVER_CANCER_SUBCLASS_S1	TFF3
HOSHIDA_LIVER_CANCER_SUBCLASS_S1	THY1
HOSHIDA_LIVER_CANCER_SUBCLASS_S1	TIMP2
HOSHIDA_LIVER_CANCER_SUBCLASS_S1	TMSB4X
HOSHIDA_LIVER_CANCER_SUBCLASS_S1	TNFRSF1B
HOSHIDA_LIVER_CANCER_SUBCLASS_S1	TP53BP1
HOSHIDA_LIVER_CANCER_SUBCLASS_S1	TPM2
HOSHIDA_LIVER_CANCER_SUBCLASS_S1	TRAF3
HOSHIDA_LIVER_CANCER_SUBCLASS_S1	TRAF5
HOSHIDA_LIVER_CANCER_SUBCLASS_S1	TRIP10
HOSHIDA_LIVER_CANCER_SUBCLASS_S1	TSPAN3
HOSHIDA_LIVER_CANCER_SUBCLASS_S1	TUBA4A
HOSHIDA_LIVER_CANCER_SUBCLASS_S1	VCAN
HOSHIDA_LIVER_CANCER_SUBCLASS_S1	ZNF384
HOSHIDA_LIVER_CANCER_SUBCLASS_S2	ABCB10
HOSHIDA_LIVER_CANCER_SUBCLASS_S2	ABCD3
HOSHIDA_LIVER_CANCER_SUBCLASS_S2	ACP1
HOSHIDA_LIVER_CANCER_SUBCLASS_S2	ADD3
HOSHIDA_LIVER_CANCER_SUBCLASS_S2	AFP
HOSHIDA_LIVER_CANCER_SUBCLASS_S2	AHCY
HOSHIDA_LIVER_CANCER_SUBCLASS_S2	ARHGAP35
HOSHIDA_LIVER_CANCER_SUBCLASS_S2	ARID3A
HOSHIDA_LIVER_CANCER_SUBCLASS_S2	ATF2
HOSHIDA_LIVER_CANCER_SUBCLASS_S2	ATM
HOSHIDA_LIVER_CANCER_SUBCLASS_S2	ATP2B1
HOSHIDA_LIVER_CANCER_SUBCLASS_S2	ATP2B2
HOSHIDA_LIVER_CANCER_SUBCLASS_S2	ATP5PB
HOSHIDA_LIVER_CANCER_SUBCLASS_S2	ATXN10
HOSHIDA_LIVER_CANCER_SUBCLASS_S2	BCAM
HOSHIDA_LIVER_CANCER_SUBCLASS_S2	BCLAF1
HOSHIDA_LIVER_CANCER_SUBCLASS_S2	BRD3
HOSHIDA_LIVER_CANCER_SUBCLASS_S2	BTG3
HOSHIDA_LIVER_CANCER_SUBCLASS_S2	CASC3
HOSHIDA_LIVER_CANCER_SUBCLASS_S2	CD46
HOSHIDA_LIVER_CANCER_SUBCLASS_S2	CDK6
HOSHIDA_LIVER_CANCER_SUBCLASS_S2	CHKA
HOSHIDA_LIVER_CANCER_SUBCLASS_S2	CLK2
HOSHIDA_LIVER_CANCER_SUBCLASS_S2	COL2A1
HOSHIDA_LIVER_CANCER_SUBCLASS_S2	CPD
HOSHIDA_LIVER_CANCER_SUBCLASS_S2	CSE1L
HOSHIDA_LIVER_CANCER_SUBCLASS_S2	CSNK2A1
HOSHIDA_LIVER_CANCER_SUBCLASS_S2	CSNK2A2
HOSHIDA_LIVER_CANCER_SUBCLASS_S2	CTNNB1
HOSHIDA_LIVER_CANCER_SUBCLASS_S2	CUL4A
HOSHIDA_LIVER_CANCER_SUBCLASS_S2	CXADR
HOSHIDA_LIVER_CANCER_SUBCLASS_S2	DDX1
HOSHIDA_LIVER_CANCER_SUBCLASS_S2	DDX18
HOSHIDA_LIVER_CANCER_SUBCLASS_S2	DEK
HOSHIDA_LIVER_CANCER_SUBCLASS_S2	EIF4A2
HOSHIDA_LIVER_CANCER_SUBCLASS_S2	EIF4B
HOSHIDA_LIVER_CANCER_SUBCLASS_S2	ENPP1
HOSHIDA_LIVER_CANCER_SUBCLASS_S2	EP300
HOSHIDA_LIVER_CANCER_SUBCLASS_S2	ERBB3
HOSHIDA_LIVER_CANCER_SUBCLASS_S2	FBL
HOSHIDA_LIVER_CANCER_SUBCLASS_S2	FGFR3
HOSHIDA_LIVER_CANCER_SUBCLASS_S2	FGFR4
HOSHIDA_LIVER_CANCER_SUBCLASS_S2	FLNB
HOSHIDA_LIVER_CANCER_SUBCLASS_S2	GBF1
HOSHIDA_LIVER_CANCER_SUBCLASS_S2	GCN1
HOSHIDA_LIVER_CANCER_SUBCLASS_S2	GLUD1
HOSHIDA_LIVER_CANCER_SUBCLASS_S2	GNAI1
HOSHIDA_LIVER_CANCER_SUBCLASS_S2	GPC3
HOSHIDA_LIVER_CANCER_SUBCLASS_S2	GTF2I
HOSHIDA_LIVER_CANCER_SUBCLASS_S2	GTF3C2
HOSHIDA_LIVER_CANCER_SUBCLASS_S2	H1-0
HOSHIDA_LIVER_CANCER_SUBCLASS_S2	HELZ
HOSHIDA_LIVER_CANCER_SUBCLASS_S2	HMGCR
HOSHIDA_LIVER_CANCER_SUBCLASS_S2	HNRNPA2B1
HOSHIDA_LIVER_CANCER_SUBCLASS_S2	HNRNPC
HOSHIDA_LIVER_CANCER_SUBCLASS_S2	HNRNPU
HOSHIDA_LIVER_CANCER_SUBCLASS_S2	IDI1
HOSHIDA_LIVER_CANCER_SUBCLASS_S2	IGF2
HOSHIDA_LIVER_CANCER_SUBCLASS_S2	IGF2R
HOSHIDA_LIVER_CANCER_SUBCLASS_S2	ITIH2
HOSHIDA_LIVER_CANCER_SUBCLASS_S2	KLF3
HOSHIDA_LIVER_CANCER_SUBCLASS_S2	LBR
HOSHIDA_LIVER_CANCER_SUBCLASS_S2	MAPK6
HOSHIDA_LIVER_CANCER_SUBCLASS_S2	MEST
HOSHIDA_LIVER_CANCER_SUBCLASS_S2	NCOA4
HOSHIDA_LIVER_CANCER_SUBCLASS_S2	NET1
HOSHIDA_LIVER_CANCER_SUBCLASS_S2	NR2C1
HOSHIDA_LIVER_CANCER_SUBCLASS_S2	NR5A2
HOSHIDA_LIVER_CANCER_SUBCLASS_S2	NREP
HOSHIDA_LIVER_CANCER_SUBCLASS_S2	NT5E
HOSHIDA_LIVER_CANCER_SUBCLASS_S2	NUP153
HOSHIDA_LIVER_CANCER_SUBCLASS_S2	PEG3
HOSHIDA_LIVER_CANCER_SUBCLASS_S2	PHF3
HOSHIDA_LIVER_CANCER_SUBCLASS_S2	PHKA2
HOSHIDA_LIVER_CANCER_SUBCLASS_S2	PIGC
HOSHIDA_LIVER_CANCER_SUBCLASS_S2	PLXNB1
HOSHIDA_LIVER_CANCER_SUBCLASS_S2	PNN
HOSHIDA_LIVER_CANCER_SUBCLASS_S2	POFUT1
HOSHIDA_LIVER_CANCER_SUBCLASS_S2	PPARG
HOSHIDA_LIVER_CANCER_SUBCLASS_S2	PPP2R1A
HOSHIDA_LIVER_CANCER_SUBCLASS_S2	PRDX3
HOSHIDA_LIVER_CANCER_SUBCLASS_S2	PTOV1
HOSHIDA_LIVER_CANCER_SUBCLASS_S2	RAB4A
HOSHIDA_LIVER_CANCER_SUBCLASS_S2	RBM39
HOSHIDA_LIVER_CANCER_SUBCLASS_S2	RPL24
HOSHIDA_LIVER_CANCER_SUBCLASS_S2	RPL27
HOSHIDA_LIVER_CANCER_SUBCLASS_S2	RPL31
HOSHIDA_LIVER_CANCER_SUBCLASS_S2	RPS19
HOSHIDA_LIVER_CANCER_SUBCLASS_S2	RPS24
HOSHIDA_LIVER_CANCER_SUBCLASS_S2	RPS25
HOSHIDA_LIVER_CANCER_SUBCLASS_S2	RPS27
HOSHIDA_LIVER_CANCER_SUBCLASS_S2	RPS5
HOSHIDA_LIVER_CANCER_SUBCLASS_S2	RRP1B
HOSHIDA_LIVER_CANCER_SUBCLASS_S2	SEPHS1
HOSHIDA_LIVER_CANCER_SUBCLASS_S2	SLC6A2
HOSHIDA_LIVER_CANCER_SUBCLASS_S2	SLC6A5
HOSHIDA_LIVER_CANCER_SUBCLASS_S2	SMARCA1
HOSHIDA_LIVER_CANCER_SUBCLASS_S2	SMARCC1
HOSHIDA_LIVER_CANCER_SUBCLASS_S2	SNRPE
HOSHIDA_LIVER_CANCER_SUBCLASS_S2	SNTB1
HOSHIDA_LIVER_CANCER_SUBCLASS_S2	SREBF2
HOSHIDA_LIVER_CANCER_SUBCLASS_S2	SSB
HOSHIDA_LIVER_CANCER_SUBCLASS_S2	SUMO1
HOSHIDA_LIVER_CANCER_SUBCLASS_S2	SUZ12
HOSHIDA_LIVER_CANCER_SUBCLASS_S2	TARBP1
HOSHIDA_LIVER_CANCER_SUBCLASS_S2	TBCE
HOSHIDA_LIVER_CANCER_SUBCLASS_S2	TFIP11
HOSHIDA_LIVER_CANCER_SUBCLASS_S2	TIA1
HOSHIDA_LIVER_CANCER_SUBCLASS_S2	TIAL1
HOSHIDA_LIVER_CANCER_SUBCLASS_S2	TM9SF4
HOSHIDA_LIVER_CANCER_SUBCLASS_S2	TP53BP2
HOSHIDA_LIVER_CANCER_SUBCLASS_S2	TPR
HOSHIDA_LIVER_CANCER_SUBCLASS_S2	TRIM26
HOSHIDA_LIVER_CANCER_SUBCLASS_S2	TTC3
HOSHIDA_LIVER_CANCER_SUBCLASS_S2	UBE2K
HOSHIDA_LIVER_CANCER_SUBCLASS_S3	ABCB4
HOSHIDA_LIVER_CANCER_SUBCLASS_S3	ABCC6
HOSHIDA_LIVER_CANCER_SUBCLASS_S3	ABHD2
HOSHIDA_LIVER_CANCER_SUBCLASS_S3	ACAA2
HOSHIDA_LIVER_CANCER_SUBCLASS_S3	ACADM
HOSHIDA_LIVER_CANCER_SUBCLASS_S3	ACADS
HOSHIDA_LIVER_CANCER_SUBCLASS_S3	ACADSB
HOSHIDA_LIVER_CANCER_SUBCLASS_S3	ACADVL
HOSHIDA_LIVER_CANCER_SUBCLASS_S3	ACO1
HOSHIDA_LIVER_CANCER_SUBCLASS_S3	ACOX1
HOSHIDA_LIVER_CANCER_SUBCLASS_S3	ACOX2
HOSHIDA_LIVER_CANCER_SUBCLASS_S3	ACSL1
HOSHIDA_LIVER_CANCER_SUBCLASS_S3	ACY1
HOSHIDA_LIVER_CANCER_SUBCLASS_S3	ADA2
HOSHIDA_LIVER_CANCER_SUBCLASS_S3	ADH4
HOSHIDA_LIVER_CANCER_SUBCLASS_S3	ADH6
HOSHIDA_LIVER_CANCER_SUBCLASS_S3	ADK
HOSHIDA_LIVER_CANCER_SUBCLASS_S3	AGL
HOSHIDA_LIVER_CANCER_SUBCLASS_S3	AGXT
HOSHIDA_LIVER_CANCER_SUBCLASS_S3	AKR1C1
HOSHIDA_LIVER_CANCER_SUBCLASS_S3	ALAS1
HOSHIDA_LIVER_CANCER_SUBCLASS_S3	ALDH1A1
HOSHIDA_LIVER_CANCER_SUBCLASS_S3	ALDH1B1
HOSHIDA_LIVER_CANCER_SUBCLASS_S3	ALDH2
HOSHIDA_LIVER_CANCER_SUBCLASS_S3	ALDH3A2
HOSHIDA_LIVER_CANCER_SUBCLASS_S3	ALDH4A1
HOSHIDA_LIVER_CANCER_SUBCLASS_S3	ALDH6A1
HOSHIDA_LIVER_CANCER_SUBCLASS_S3	ALDH7A1
HOSHIDA_LIVER_CANCER_SUBCLASS_S3	ALDOB
HOSHIDA_LIVER_CANCER_SUBCLASS_S3	ALPL
HOSHIDA_LIVER_CANCER_SUBCLASS_S3	AMFR
HOSHIDA_LIVER_CANCER_SUBCLASS_S3	AMT
HOSHIDA_LIVER_CANCER_SUBCLASS_S3	ANXA6
HOSHIDA_LIVER_CANCER_SUBCLASS_S3	AOC1
HOSHIDA_LIVER_CANCER_SUBCLASS_S3	APCS
HOSHIDA_LIVER_CANCER_SUBCLASS_S3	APOA1
HOSHIDA_LIVER_CANCER_SUBCLASS_S3	APOC2
HOSHIDA_LIVER_CANCER_SUBCLASS_S3	APOC4
HOSHIDA_LIVER_CANCER_SUBCLASS_S3	APOH
HOSHIDA_LIVER_CANCER_SUBCLASS_S3	AQP7
HOSHIDA_LIVER_CANCER_SUBCLASS_S3	ARG1
HOSHIDA_LIVER_CANCER_SUBCLASS_S3	ARHGEF12
HOSHIDA_LIVER_CANCER_SUBCLASS_S3	ARSA
HOSHIDA_LIVER_CANCER_SUBCLASS_S3	ASCL1
HOSHIDA_LIVER_CANCER_SUBCLASS_S3	ASGR1
HOSHIDA_LIVER_CANCER_SUBCLASS_S3	ASGR2
HOSHIDA_LIVER_CANCER_SUBCLASS_S3	ASL
HOSHIDA_LIVER_CANCER_SUBCLASS_S3	ASS1
HOSHIDA_LIVER_CANCER_SUBCLASS_S3	ATOX1
HOSHIDA_LIVER_CANCER_SUBCLASS_S3	ATP5F1D
HOSHIDA_LIVER_CANCER_SUBCLASS_S3	ATP5PF
HOSHIDA_LIVER_CANCER_SUBCLASS_S3	AZGP1
HOSHIDA_LIVER_CANCER_SUBCLASS_S3	BAAT
HOSHIDA_LIVER_CANCER_SUBCLASS_S3	BDH1
HOSHIDA_LIVER_CANCER_SUBCLASS_S3	BHMT
HOSHIDA_LIVER_CANCER_SUBCLASS_S3	BLOC1S1
HOSHIDA_LIVER_CANCER_SUBCLASS_S3	BLVRB
HOSHIDA_LIVER_CANCER_SUBCLASS_S3	BPHL
HOSHIDA_LIVER_CANCER_SUBCLASS_S3	BTD
HOSHIDA_LIVER_CANCER_SUBCLASS_S3	C1R
HOSHIDA_LIVER_CANCER_SUBCLASS_S3	C1S
HOSHIDA_LIVER_CANCER_SUBCLASS_S3	C4A
HOSHIDA_LIVER_CANCER_SUBCLASS_S3	C4BPA
HOSHIDA_LIVER_CANCER_SUBCLASS_S3	C8B
HOSHIDA_LIVER_CANCER_SUBCLASS_S3	CA2
HOSHIDA_LIVER_CANCER_SUBCLASS_S3	CAT
HOSHIDA_LIVER_CANCER_SUBCLASS_S3	CBR1
HOSHIDA_LIVER_CANCER_SUBCLASS_S3	CD14
HOSHIDA_LIVER_CANCER_SUBCLASS_S3	CD302
HOSHIDA_LIVER_CANCER_SUBCLASS_S3	CD81
HOSHIDA_LIVER_CANCER_SUBCLASS_S3	CES1
HOSHIDA_LIVER_CANCER_SUBCLASS_S3	CFB
HOSHIDA_LIVER_CANCER_SUBCLASS_S3	CFH
HOSHIDA_LIVER_CANCER_SUBCLASS_S3	CGREF1
HOSHIDA_LIVER_CANCER_SUBCLASS_S3	CNGA1
HOSHIDA_LIVER_CANCER_SUBCLASS_S3	COL18A1
HOSHIDA_LIVER_CANCER_SUBCLASS_S3	COX5B
HOSHIDA_LIVER_CANCER_SUBCLASS_S3	CP
HOSHIDA_LIVER_CANCER_SUBCLASS_S3	CPA3
HOSHIDA_LIVER_CANCER_SUBCLASS_S3	CPA4
HOSHIDA_LIVER_CANCER_SUBCLASS_S3	CPB2
HOSHIDA_LIVER_CANCER_SUBCLASS_S3	CPS1
HOSHIDA_LIVER_CANCER_SUBCLASS_S3	CRABP1
HOSHIDA_LIVER_CANCER_SUBCLASS_S3	CRYAA
HOSHIDA_LIVER_CANCER_SUBCLASS_S3	CRYM
HOSHIDA_LIVER_CANCER_SUBCLASS_S3	CSTB
HOSHIDA_LIVER_CANCER_SUBCLASS_S3	CTH
HOSHIDA_LIVER_CANCER_SUBCLASS_S3	CTSO
HOSHIDA_LIVER_CANCER_SUBCLASS_S3	CXCL2
HOSHIDA_LIVER_CANCER_SUBCLASS_S3	CYB5A
HOSHIDA_LIVER_CANCER_SUBCLASS_S3	CYFIP2
HOSHIDA_LIVER_CANCER_SUBCLASS_S3	CYP21A2
HOSHIDA_LIVER_CANCER_SUBCLASS_S3	CYP27A1
HOSHIDA_LIVER_CANCER_SUBCLASS_S3	CYP2C9
HOSHIDA_LIVER_CANCER_SUBCLASS_S3	CYP2J2
HOSHIDA_LIVER_CANCER_SUBCLASS_S3	CYP3A7
HOSHIDA_LIVER_CANCER_SUBCLASS_S3	DAO
HOSHIDA_LIVER_CANCER_SUBCLASS_S3	DCAF8
HOSHIDA_LIVER_CANCER_SUBCLASS_S3	DECR1
HOSHIDA_LIVER_CANCER_SUBCLASS_S3	DNASE1L3
HOSHIDA_LIVER_CANCER_SUBCLASS_S3	DPAGT1
HOSHIDA_LIVER_CANCER_SUBCLASS_S3	DRG2
HOSHIDA_LIVER_CANCER_SUBCLASS_S3	ECHS1
HOSHIDA_LIVER_CANCER_SUBCLASS_S3	ECI1
HOSHIDA_LIVER_CANCER_SUBCLASS_S3	EDNRB
HOSHIDA_LIVER_CANCER_SUBCLASS_S3	EGFR
HOSHIDA_LIVER_CANCER_SUBCLASS_S3	EHHADH
HOSHIDA_LIVER_CANCER_SUBCLASS_S3	EMP2
HOSHIDA_LIVER_CANCER_SUBCLASS_S3	EPAS1
HOSHIDA_LIVER_CANCER_SUBCLASS_S3	EPHX1
HOSHIDA_LIVER_CANCER_SUBCLASS_S3	ETS2
HOSHIDA_LIVER_CANCER_SUBCLASS_S3	F11
HOSHIDA_LIVER_CANCER_SUBCLASS_S3	F2
HOSHIDA_LIVER_CANCER_SUBCLASS_S3	F5
HOSHIDA_LIVER_CANCER_SUBCLASS_S3	FAH
HOSHIDA_LIVER_CANCER_SUBCLASS_S3	FANCA
HOSHIDA_LIVER_CANCER_SUBCLASS_S3	FGB
HOSHIDA_LIVER_CANCER_SUBCLASS_S3	FGG
HOSHIDA_LIVER_CANCER_SUBCLASS_S3	FH
HOSHIDA_LIVER_CANCER_SUBCLASS_S3	FKBP2
HOSHIDA_LIVER_CANCER_SUBCLASS_S3	FLT4
HOSHIDA_LIVER_CANCER_SUBCLASS_S3	FMO4
HOSHIDA_LIVER_CANCER_SUBCLASS_S3	FOXO1
HOSHIDA_LIVER_CANCER_SUBCLASS_S3	FXR2
HOSHIDA_LIVER_CANCER_SUBCLASS_S3	GCH1
HOSHIDA_LIVER_CANCER_SUBCLASS_S3	GCHFR
HOSHIDA_LIVER_CANCER_SUBCLASS_S3	GCKR
HOSHIDA_LIVER_CANCER_SUBCLASS_S3	GGH
HOSHIDA_LIVER_CANCER_SUBCLASS_S3	GHR
HOSHIDA_LIVER_CANCER_SUBCLASS_S3	GJB1
HOSHIDA_LIVER_CANCER_SUBCLASS_S3	GLYAT
HOSHIDA_LIVER_CANCER_SUBCLASS_S3	GOT2
HOSHIDA_LIVER_CANCER_SUBCLASS_S3	GPT
HOSHIDA_LIVER_CANCER_SUBCLASS_S3	GPX2
HOSHIDA_LIVER_CANCER_SUBCLASS_S3	GPX3
HOSHIDA_LIVER_CANCER_SUBCLASS_S3	GSTA2
HOSHIDA_LIVER_CANCER_SUBCLASS_S3	GSTO1
HOSHIDA_LIVER_CANCER_SUBCLASS_S3	GSTZ1
HOSHIDA_LIVER_CANCER_SUBCLASS_S3	HAAO
HOSHIDA_LIVER_CANCER_SUBCLASS_S3	HADH
HOSHIDA_LIVER_CANCER_SUBCLASS_S3	HGD
HOSHIDA_LIVER_CANCER_SUBCLASS_S3	HMGCS2
HOSHIDA_LIVER_CANCER_SUBCLASS_S3	HMOX2
HOSHIDA_LIVER_CANCER_SUBCLASS_S3	HPD
HOSHIDA_LIVER_CANCER_SUBCLASS_S3	HRG
HOSHIDA_LIVER_CANCER_SUBCLASS_S3	HSD17B10
HOSHIDA_LIVER_CANCER_SUBCLASS_S3	HSD17B4
HOSHIDA_LIVER_CANCER_SUBCLASS_S3	ICAM3
HOSHIDA_LIVER_CANCER_SUBCLASS_S3	IDH2
HOSHIDA_LIVER_CANCER_SUBCLASS_S3	IDH3A
HOSHIDA_LIVER_CANCER_SUBCLASS_S3	IFIT1
HOSHIDA_LIVER_CANCER_SUBCLASS_S3	IGF1
HOSHIDA_LIVER_CANCER_SUBCLASS_S3	IL13RA1
HOSHIDA_LIVER_CANCER_SUBCLASS_S3	IL32
HOSHIDA_LIVER_CANCER_SUBCLASS_S3	IL6R
HOSHIDA_LIVER_CANCER_SUBCLASS_S3	IMPA1
HOSHIDA_LIVER_CANCER_SUBCLASS_S3	INSR
HOSHIDA_LIVER_CANCER_SUBCLASS_S3	IQGAP2
HOSHIDA_LIVER_CANCER_SUBCLASS_S3	ISG15
HOSHIDA_LIVER_CANCER_SUBCLASS_S3	ITIH1
HOSHIDA_LIVER_CANCER_SUBCLASS_S3	ITIH3
HOSHIDA_LIVER_CANCER_SUBCLASS_S3	ITIH4
HOSHIDA_LIVER_CANCER_SUBCLASS_S3	ITPR2
HOSHIDA_LIVER_CANCER_SUBCLASS_S3	IVD
HOSHIDA_LIVER_CANCER_SUBCLASS_S3	KCNJ8
HOSHIDA_LIVER_CANCER_SUBCLASS_S3	KLKB1
HOSHIDA_LIVER_CANCER_SUBCLASS_S3	KMO
HOSHIDA_LIVER_CANCER_SUBCLASS_S3	KNG1
HOSHIDA_LIVER_CANCER_SUBCLASS_S3	LCAT
HOSHIDA_LIVER_CANCER_SUBCLASS_S3	LONP1
HOSHIDA_LIVER_CANCER_SUBCLASS_S3	LPIN1
HOSHIDA_LIVER_CANCER_SUBCLASS_S3	LPIN2
HOSHIDA_LIVER_CANCER_SUBCLASS_S3	MAOA
HOSHIDA_LIVER_CANCER_SUBCLASS_S3	MAOB
HOSHIDA_LIVER_CANCER_SUBCLASS_S3	MAPRE3
HOSHIDA_LIVER_CANCER_SUBCLASS_S3	MGST2
HOSHIDA_LIVER_CANCER_SUBCLASS_S3	MME
HOSHIDA_LIVER_CANCER_SUBCLASS_S3	MMUT
HOSHIDA_LIVER_CANCER_SUBCLASS_S3	MSMO1
HOSHIDA_LIVER_CANCER_SUBCLASS_S3	MT2A
HOSHIDA_LIVER_CANCER_SUBCLASS_S3	MTHFD1
HOSHIDA_LIVER_CANCER_SUBCLASS_S3	MTHFS
HOSHIDA_LIVER_CANCER_SUBCLASS_S3	MYLK
HOSHIDA_LIVER_CANCER_SUBCLASS_S3	MYO1E
HOSHIDA_LIVER_CANCER_SUBCLASS_S3	NDUFV2
HOSHIDA_LIVER_CANCER_SUBCLASS_S3	NFIB
HOSHIDA_LIVER_CANCER_SUBCLASS_S3	NFIC
HOSHIDA_LIVER_CANCER_SUBCLASS_S3	NFKBIA
HOSHIDA_LIVER_CANCER_SUBCLASS_S3	NHERF2
HOSHIDA_LIVER_CANCER_SUBCLASS_S3	NNMT
HOSHIDA_LIVER_CANCER_SUBCLASS_S3	NRG1
HOSHIDA_LIVER_CANCER_SUBCLASS_S3	PAH
HOSHIDA_LIVER_CANCER_SUBCLASS_S3	PAPSS2
HOSHIDA_LIVER_CANCER_SUBCLASS_S3	PCCA
HOSHIDA_LIVER_CANCER_SUBCLASS_S3	PCCB
HOSHIDA_LIVER_CANCER_SUBCLASS_S3	PCK1
HOSHIDA_LIVER_CANCER_SUBCLASS_S3	PCK2
HOSHIDA_LIVER_CANCER_SUBCLASS_S3	PDK4
HOSHIDA_LIVER_CANCER_SUBCLASS_S3	PGM1
HOSHIDA_LIVER_CANCER_SUBCLASS_S3	PGRMC1
HOSHIDA_LIVER_CANCER_SUBCLASS_S3	PIK3R1
HOSHIDA_LIVER_CANCER_SUBCLASS_S3	PKLR
HOSHIDA_LIVER_CANCER_SUBCLASS_S3	PLA2G2A
HOSHIDA_LIVER_CANCER_SUBCLASS_S3	PLCG2
HOSHIDA_LIVER_CANCER_SUBCLASS_S3	PLG
HOSHIDA_LIVER_CANCER_SUBCLASS_S3	PLGLB2
HOSHIDA_LIVER_CANCER_SUBCLASS_S3	PNPLA4
HOSHIDA_LIVER_CANCER_SUBCLASS_S3	POLD4
HOSHIDA_LIVER_CANCER_SUBCLASS_S3	PON3
HOSHIDA_LIVER_CANCER_SUBCLASS_S3	PPP2R1B
HOSHIDA_LIVER_CANCER_SUBCLASS_S3	PROS1
HOSHIDA_LIVER_CANCER_SUBCLASS_S3	PTGR1
HOSHIDA_LIVER_CANCER_SUBCLASS_S3	PTS
HOSHIDA_LIVER_CANCER_SUBCLASS_S3	QDPR
HOSHIDA_LIVER_CANCER_SUBCLASS_S3	RARRES2
HOSHIDA_LIVER_CANCER_SUBCLASS_S3	RBP5
HOSHIDA_LIVER_CANCER_SUBCLASS_S3	RGN
HOSHIDA_LIVER_CANCER_SUBCLASS_S3	RHOB
HOSHIDA_LIVER_CANCER_SUBCLASS_S3	RIDA
HOSHIDA_LIVER_CANCER_SUBCLASS_S3	RNASE4
HOSHIDA_LIVER_CANCER_SUBCLASS_S3	SBDS
HOSHIDA_LIVER_CANCER_SUBCLASS_S3	SDC1
HOSHIDA_LIVER_CANCER_SUBCLASS_S3	SDHB
HOSHIDA_LIVER_CANCER_SUBCLASS_S3	SDS
HOSHIDA_LIVER_CANCER_SUBCLASS_S3	SELENBP1
HOSHIDA_LIVER_CANCER_SUBCLASS_S3	SELENOP
HOSHIDA_LIVER_CANCER_SUBCLASS_S3	SERPINA3
HOSHIDA_LIVER_CANCER_SUBCLASS_S3	SERPINA6
HOSHIDA_LIVER_CANCER_SUBCLASS_S3	SERPINC1
HOSHIDA_LIVER_CANCER_SUBCLASS_S3	SERPING1
HOSHIDA_LIVER_CANCER_SUBCLASS_S3	SHB
HOSHIDA_LIVER_CANCER_SUBCLASS_S3	SHMT1
HOSHIDA_LIVER_CANCER_SUBCLASS_S3	SLC10A1
HOSHIDA_LIVER_CANCER_SUBCLASS_S3	SLC16A2
HOSHIDA_LIVER_CANCER_SUBCLASS_S3	SLC23A1
HOSHIDA_LIVER_CANCER_SUBCLASS_S3	SLC23A2
HOSHIDA_LIVER_CANCER_SUBCLASS_S3	SLC2A2
HOSHIDA_LIVER_CANCER_SUBCLASS_S3	SLC35D1
HOSHIDA_LIVER_CANCER_SUBCLASS_S3	SLC6A1
HOSHIDA_LIVER_CANCER_SUBCLASS_S3	SLC6A12
HOSHIDA_LIVER_CANCER_SUBCLASS_S3	SLC7A2
HOSHIDA_LIVER_CANCER_SUBCLASS_S3	SLCO2A1
HOSHIDA_LIVER_CANCER_SUBCLASS_S3	SLPI
HOSHIDA_LIVER_CANCER_SUBCLASS_S3	SMARCA2
HOSHIDA_LIVER_CANCER_SUBCLASS_S3	SOAT1
HOSHIDA_LIVER_CANCER_SUBCLASS_S3	SOD1
HOSHIDA_LIVER_CANCER_SUBCLASS_S3	SOD2
HOSHIDA_LIVER_CANCER_SUBCLASS_S3	SORL1
HOSHIDA_LIVER_CANCER_SUBCLASS_S3	SPAM1
HOSHIDA_LIVER_CANCER_SUBCLASS_S3	SPARCL1
HOSHIDA_LIVER_CANCER_SUBCLASS_S3	SRD5A1
HOSHIDA_LIVER_CANCER_SUBCLASS_S3	SREBF1
HOSHIDA_LIVER_CANCER_SUBCLASS_S3	SULT2A1
HOSHIDA_LIVER_CANCER_SUBCLASS_S3	TCEA2
HOSHIDA_LIVER_CANCER_SUBCLASS_S3	TDO2
HOSHIDA_LIVER_CANCER_SUBCLASS_S3	TGFBR3
HOSHIDA_LIVER_CANCER_SUBCLASS_S3	TINAGL1
HOSHIDA_LIVER_CANCER_SUBCLASS_S3	TJP2
HOSHIDA_LIVER_CANCER_SUBCLASS_S3	TMBIM6
HOSHIDA_LIVER_CANCER_SUBCLASS_S3	TMOD1
HOSHIDA_LIVER_CANCER_SUBCLASS_S3	TOB1
HOSHIDA_LIVER_CANCER_SUBCLASS_S3	TPMT
HOSHIDA_LIVER_CANCER_SUBCLASS_S3	TST
HOSHIDA_LIVER_CANCER_SUBCLASS_S3	UQCRB
HOSHIDA_LIVER_CANCER_SUBCLASS_S3	VSIG2
HOSHIDA_LIVER_CANCER_SUBCLASS_S3	ZNF160
